2016-06-15:	gene	virus	rna	
2016-06-01:	varroa	colonies	colony	
2016-06-01:	pesticides	pesticide	health	
2016-06-01:	pollen	varroa	cell	apis	colonies	species	effects	pesticides	study	
2016-06-01:	effects	gene	expression	pesticides	effects	learning	
2016-06-01:	pollination	effects	pollinators	pollen	samples	species	
2016-06-01:	insecticides	colonies	mellifera	
2016-06-01:	virus	colonies	varroa	
2016-06-01:	species	mortality	climate	
2016-06-01:	varroa	pesticide	exposure	pesticide	pollen	analysis	pesticides	pesticide	apis	
2016-06-01:	pollen	species	colonies	food	pollen	land	pollen	mellifera	colonies	effects	colony	pesticides	
2016-05-31:	pollen	mellifera	apis	pesticides	pesticide	colony	pollen	neonicotinoid	exposure	
2016-05-07:	larvae	mellifera	genetic	
2016-05-01:	colony	virus	losses	effects	exposure	male	pesticides	pesticide	colony	virus	nosema	apis	
2016-05-01:	pollen	mellifera	apis	
2016-05-01:	mite	control	effects	
2016-05-01:	virus	apis	mellifera	species	colony	colonies	
2016-05-01:	gene	varroa	expression	
2016-05-01:	varroa	mellifera	mite	
2016-05-01:	virus	colonies	rna	virus	varroa	colonies	colony	may	health	
2016-05-01:	pollen	nosema	varroa	gene	varroa	expression	colonies	varroa	colony	
2016-05-01:	pesticides	pesticide	colony	
2018-02-15:	pesticides	pesticide	health	pesticide	pesticides	colony	pollen	pesticide	colony	pesticide	pollen	analysis	
2018-02-14:	virus	viruses	mellifera	virus	colonies	rna	protein	sequence	pollen	
2018-02-08:	
2018-02-08:	virus	viruses	semen	virus	colonies	pesticide	
2018-02-01:	pollen	mellifera	apis	
2018-02-01:	effects	colony	pesticides	pollen	pesticide	colony	pesticides	pesticide	colony	colonies	varroa	colony	
2018-02-01:	pollen	neonicotinoid	exposure	nosema	protein	pollen	varroa	colony	health	apis	mellifera	nosema	
2018-02-01:	colonies	virus	colony	calabria	nosema	colonies	
2018-02-01:	apis	mellifera	gut	
2018-02-01:	virus	colonies	rna	pollen	colonies	pollens	pollen	varroa	cell	pollen	effects	pesticide	
2018-02-01:	pollen	mellifera	colonies	
2018-02-01:	pesticides	pesticide	colony	mite	control	effects	
2018-01-15:	effects	morphometric	stress	
2018-01-07:	apis	pollen	colony	
2018-01-02:	pollen	found	mellifera	
2018-01-01:	pesticides	pesticide	colony	pollen	colonies	amitraz	
2018-01-01:	colonies	mellifera	larvae	
2018-01-01:	pesticide	pesticides	exposure	
2018-01-01:	virus	colonies	viruses	
2018-01-01:	colonies	viability	effect	
2018-01-01:	varroa	study	colony	
2018-01-01:	colony	ccd	hives	
2018-01-01:	pollen	colonies	pollens	
2018-01-01:	pollen	samples	species	pesticides	pesticide	colony	colony	may	health	apis	colonies	species	
2018-01-01:	apis	pollen	colony	
2018-01-01:	pollen	mellifera	apis	
2018-01-01:	pollen	syndrome	genetic	pollen	diversity	diet	colonies	pollen	colony	
2018-01-01:	colonies	colony	varroa	
2018-01-01:	apis	mellifera	gut	
2018-01-01:	colony	mellifera	varroa	
2018-01-01:	colony	varroa	colonies	pollen	neonicotinoid	exposure	
2018-01-01:	varroa	pesticide	exposure	
2018-01-01:	varroa	virus	colony	
2018-01-01:	colony	virus	losses	pesticides	pesticide	colony	varroa	control	mite	effects	gene	expression	
2017-12-20:	pesticide	pesticides	exposure	
2017-12-15:	pollen	pesticide	control	pesticide	pollen	analysis	
2017-12-12:	colony	mellifera	varroa	virus	colonies	rna	apis	pollen	colony	
2017-12-01:	pollen	effects	pesticide	virus	colonies	pesticide	
2017-12-01:	pollen	varroa	nosema	
2017-12-01:	colony	pollen	effects	
2017-12-01:	colony	varroa	colonies	virus	colonies	varroa	virus	varroa	colonies	
2017-12-01:	species	protein	colony	
2017-12-01:	virus	colonies	rna	
2017-12-01:	apis	pollen	colony	
2017-12-01:	effects	pesticides	study	colony	may	health	colony	virus	losses	
2017-12-01:	pollen	pesticide	control	
2017-12-01:	pesticide	pollen	analysis	
2017-12-01:	genetic	gene	mellifera	
2017-12-01:	chlorpyrifos	cytochrome	colony	pesticides	pesticide	colony	mite	control	effects	
2017-12-01:	virus	colonies	rna	factors	effects	heart	
2017-12-01:	pollen	syndrome	genetic	
2017-12-01:	gene	lactobacillus	viruses	
2017-12-01:	pollen	mellifera	apis	pollen	species	pollinators	
2017-12-01:	spore	tube	polar	
2017-12-01:	imidacloprid	learning	apis	
2017-12-01:	colonies	pollination	thiamethoxam	effects	gene	expression	
2017-12-01:	pollen	effects	pesticide	
2017-12-01:	nosema	protein	pollen	apis	colonies	species	colonies	virus	colony	
2017-12-01:	pesticides	effects	learning	
2017-12-01:	pesticides	pesticide	colony	
2017-12-01:	pollen	colonies	pollens	
2017-12-01:	colony	varroa	virus	pollen	found	mellifera	pesticides	pesticide	colony	colony	apis	colonies	
2017-12-01:	pollen	varroa	nosema	
2017-12-01:	species	colony	colonies	
2017-12-01:	virus	viruses	semen	pesticides	pesticide	colony	
2017-12-01:	colony	virus	losses	
2017-12-01:	effects	gene	expression	apis	species	native	
2017-12-01:	effects	exposure	male	
2017-12-01:	pollen	mass	spectrometry	effects	gene	expression	effects	morphometric	stress	pesticide	pesticides	exposure	
2017-12-01:	pesticides	pesticide	colony	pollen	nosema	varroa	pollen	syndrome	genetic	
2017-12-01:	gene	virus	rna	
2017-11-29:	pesticides	pesticide	colony	
2017-11-15:	colonies	population	virus	
2017-11-01:	colonies	pollen	colony	pollen	nosema	varroa	
2017-11-01:	varroa	control	mite	effects	gene	expression	
2017-11-01:	protein	sequence	pollen	
2017-11-01:	pollen	pesticide	control	
2017-11-01:	effects	animal	colony	food	pollen	species	gene	varroa	expression	management	pollen	colonies	
2017-11-01:	virus	learning	memory	effects	pesticides	study	virus	viruses	semen	
2017-11-01:	exposure	apis	larvae	pesticides	pesticide	colony	
2017-11-01:	colony	colonies	use	
2017-11-01:	pollen	samples	species	
2017-11-01:	virus	viruses	mellifera	
2017-11-01:	effects	gene	expression	species	mortality	climate	
2017-10-20:	varroa	mites	toxicity	varroa	populations	mite	
2017-10-20:	pesticide	pollen	analysis	
2017-10-20:	pollen	colonies	pollens	
2017-10-20:	pollen	species	pollinators	colonies	varroa	mite	
2017-10-09:	pollen	fungal	insect	pollen	species	colonies	
2017-10-03:	virus	apis	mellifera	chlorpyrifos	cytochrome	colony	
2017-10-03:	mellifera	colonies	nosema	effects	gene	expression	food	gene	varroa	pesticide	pesticides	exposure	
2017-10-03:	pollen	pesticide	colony	effects	pesticides	study	
2017-10-03:	effects	pesticides	study	varroa	pesticide	exposure	
2017-10-01:	pollen	found	mellifera	
2017-10-01:	pesticides	mellifera	effects	pollen	species	pollinators	
2017-10-01:	virus	viruses	semen	
2017-10-01:	effects	gene	expression	
2017-10-01:	pesticides	pollen	exposure	pesticide	pesticides	exposure	pesticide	pollen	analysis	
2017-10-01:	colonies	pollen	colony	effects	exposure	male	
2017-10-01:	animal	gene	virus	
2017-10-01:	colonies	pollination	thiamethoxam	gene	varroa	expression	virus	colonies	pesticide	varroa	mellifera	mite	
2017-09-15:	colony	virus	losses	pesticide	pesticides	exposure	
2017-09-07:	management	pollen	colonies	
2017-09-01:	pollen	diversity	diet	
2017-09-01:	exposure	apis	larvae	
2017-09-01:	pesticide	pollen	analysis	
2017-09-01:	apis	mellifera	nosema	colonies	pollen	colony	pesticide	pesticides	colony	
2017-09-01:	colonies	pollen	colony	chlorpyrifos	cytochrome	colony	
2017-09-01:	gene	virus	rna	mites	colony	varroa	
2017-08-22:	colony	varroa	virus	virus	colonies	rna	mites	colonies	apis	
2017-08-08:	mites	colony	varroa	varroa	control	mite	animal	gene	virus	pesticides	pesticide	colony	
2017-08-08:	colonies	viability	effect	
2017-08-08:	apis	nosema	n	varroa	colonies	colony	
2017-08-08:	calabria	nosema	colonies	
2017-08-03:	pollen	tradeoffs	fatty	
2017-08-03:	colonies	wireless	mellifera	varroa	populations	mite	
2017-08-01:	mites	colony	varroa	pesticides	pesticide	colony	
2017-08-01:	management	pollen	colonies	mite	control	effects	
2017-08-01:	pesticides	pollen	exposure	
2017-08-01:	virus	viruses	mellifera	virus	colonies	varroa	pollen	varroa	nosema	exposure	apis	larvae	
2017-08-01:	expression	pollen	gene	pesticides	pesticide	colony	pollen	fungal	insect	virus	colonies	rna	
2017-08-01:	colonies	virus	expression	
2017-08-01:	pollen	species	colonies	
2017-08-01:	virus	colonies	viruses	virus	colonies	rna	
2017-08-01:	pollen	syndrome	genetic	
2017-08-01:	pesticides	pesticide	health	exposure	mellifera	apis	pesticides	pesticide	colony	food	gene	varroa	
2017-07-17:	pollen	mass	spectrometry	
2017-07-01:	pesticide	pesticides	exposure	
2017-07-01:	pesticides	pesticide	apis	
2017-07-01:	varroa	colony	health	
2017-07-01:	colonies	colony	varroa	pollen	pesticide	colony	
2017-07-01:	varroa	control	mite	
2017-07-01:	pollen	pesticide	colony	
2017-07-01:	exposure	apis	larvae	
2017-07-01:	pollen	species	colonies	insecticides	colonies	mellifera	
2017-07-01:	gene	varroa	expression	colonies	virus	expression	
2017-07-01:	varroa	control	mite	virus	colonies	varroa	pesticides	pesticide	colony	virus	varroa	colonies	
2017-07-01:	virus	colonies	varroa	pesticides	pesticide	colony	pollen	mellifera	apis	
2017-06-30:	colony	apis	colonies	pollen	neonicotinoid	exposure	
2017-06-30:	effects	gene	expression	
2017-06-15:	pollen	varroa	nosema	
2017-06-14:	expression	pollen	gene	virus	food	protein	
2017-06-12:	pollination	effects	pollinators	
2017-06-01:	apis	mellifera	pathogens	
2017-06-01:	gene	colony	colonies	nutrient	exotic	plants	
2017-06-01:	colony	colonies	imidacloprid	varroa	control	mite	genetic	gene	mellifera	
2017-06-01:	apis	pollen	colony	pesticides	pesticide	colony	colonies	colony	varroa	
2017-06-01:	effects	gene	expression	apis	mellifera	nosema	virus	colonies	varroa	
2017-06-01:	pollination	effects	pollinators	mite	control	effects	
2017-06-01:	mellifera	colonies	nosema	
2017-06-01:	apis	colonies	species	pesticides	pesticide	colony	
2017-06-01:	pollen	colonies	amitraz	
2017-06-01:	colony	colonies	use	pesticide	pollen	analysis	
2017-06-01:	colony	mellifera	varroa	mite	control	effects	colonies	varroa	mite	varroa	populations	mite	
2017-06-01:	colony	pollen	effects	
2017-06-01:	apis	pollen	colony	apis	mite	infestation	apis	colonies	species	
2017-06-01:	colonies	pollen	nectar	
2017-06-01:	insecticides	colonies	mellifera	
2017-06-01:	pesticides	pesticide	colony	
2017-06-01:	exposure	apis	larvae	food	pollen	species	
2017-06-01:	pollen	mellifera	colonies	
2017-06-01:	pesticides	colonies	chromatography	
2017-06-01:	chlorpyrifos	cytochrome	colony	
2017-06-01:	mite	control	effects	colonies	nosema	colony	
2017-06-01:	effects	pesticides	study	gene	varroa	expression	colony	colonies	imidacloprid	
2017-06-01:	colonies	mellifera	larvae	pesticide	pesticides	exposure	
2017-06-01:	colony	may	health	
2017-06-01:	colony	pollen	effects	varroa	control	mite	virus	colonies	rna	exposure	mellifera	apis	
2017-06-01:	gene	varroa	expression	
2017-06-01:	pesticide	pesticides	exposure	
2017-05-31:	pesticides	pesticide	colony	
2017-05-27:	virus	nosema	detected	
2017-05-27:	gene	colony	genetic	
2017-05-27:	pollen	varroa	cell	mite	control	effects	
2017-05-09:	apis	colonies	species	colonies	viability	effect	
2017-05-07:	virus	species	study	varroa	control	mite	
2017-05-01:	pesticide	pesticides	colony	
2017-05-01:	virus	colonies	pesticide	virus	colonies	varroa	
2017-05-01:	colony	colonies	use	
2017-05-01:	species	pesticides	exposure	
2017-05-01:	climate	mellifera	detoxification	mites	colony	varroa	
2017-05-01:	virus	current	mg	pollen	species	pollinators	effects	gene	expression	colony	colonies	imidacloprid	
2017-05-01:	expression	pollen	gene	
2017-05-01:	virus	colonies	varroa	effects	gene	expression	pollen	fungal	insect	
2017-05-01:	pollen	pesticide	colony	virus	colonies	pesticide	apis	colonies	species	
2017-05-01:	virus	species	study	pesticides	pollen	exposure	genetic	gene	mellifera	
2017-05-01:	pollen	colonies	pollens	expression	pollen	gene	colony	virus	losses	
2017-05-01:	colony	may	health	
2017-05-01:	varroa	mellifera	mite	
2017-04-19:	pesticides	pesticide	colony	
2017-04-15:	varroa	control	mite	pesticides	pollen	exposure	pesticides	pesticide	colony	gene	varroa	expression	
2017-04-12:	animals	animal	veterinary	
2017-04-01:	pesticides	pesticide	colony	
2017-04-01:	pollen	colonies	pollens	
2017-04-01:	mites	colony	varroa	colonies	varroa	mites	
2017-04-01:	pollen	found	mellifera	colony	pollen	effects	
2017-04-01:	pollen	species	colonies	
2017-04-01:	pollen	mass	spectrometry	nosema	protein	pollen	virus	colonies	varroa	varroa	virus	colony	
2017-03-16:	virus	food	protein	varroa	control	mite	gene	varroa	expression	
2017-03-15:	apis	colonies	species	gene	varroa	expression	colonies	nosema	colony	pesticides	pesticide	colony	
2017-03-10:	pollination	effects	pollinators	
2017-03-07:	chlorpyrifos	cytochrome	colony	
2017-03-02:	genetic	gene	mellifera	
2017-03-01:	colonies	varroa	colony	
2017-03-01:	varroa	virus	colony	
2017-03-01:	mites	colony	varroa	
2017-03-01:	calabria	nosema	colonies	
2017-03-01:	mite	control	effects	factors	effects	heart	
2017-03-01:	varroa	proteins	mite	
2017-03-01:	pesticide	pollen	analysis	
2017-03-01:	virus	colonies	varroa	
2017-03-01:	varroa	control	mite	colonies	varroa	colony	apis	colonies	species	gene	colony	genetic	
2017-03-01:	pollen	species	pollinators	
2017-03-01:	virus	nosema	detected	varroa	control	mite	pesticides	pollen	exposure	genetic	gene	mellifera	
2017-03-01:	pollen	colonies	pollens	
2017-03-01:	pesticides	pesticide	colony	
2017-03-01:	mite	pollen	effects	
2017-03-01:	apis	pollen	colony	colonies	pollen	colony	virus	colonies	rna	apis	nosema	n	
2017-03-01:	virus	mellifera	apis	virus	colonies	rna	nosema	protein	pollen	
2017-03-01:	virus	current	mg	genetic	gene	mellifera	
2017-02-16:	pollen	species	pollinators	apis	mellifera	nosema	pollen	mellifera	apis	colony	may	health	
2017-02-14:	apis	colonies	species	
2017-02-09:	varroa	proteins	mite	pollen	fungal	insect	
2017-02-07:	colonies	pollen	nectar	
2017-02-01:	colonies	colony	varroa	
2017-02-01:	chlorpyrifos	cytochrome	colony	pesticide	pollen	analysis	
2017-02-01:	virus	viruses	semen	pesticides	pesticide	colony	pollen	colonies	pollens	virus	nosema	detected	
2017-02-01:	exposure	pollen	environmental	apis	colonies	species	pesticides	pesticide	colony	pesticides	pesticide	health	
2017-02-01:	exposure	apis	larvae	effects	gene	expression	pesticides	mellifera	effects	
2017-02-01:	species	mortality	climate	
2017-02-01:	species	mortality	climate	
2017-02-01:	varroa	colony	health	
2017-02-01:	pollen	varroa	cell	
2017-02-01:	gene	varroa	expression	food	gene	varroa	
2017-02-01:	pesticide	pesticides	exposure	
2017-02-01:	colonies	wireless	mellifera	analysis	study	method	
2017-01-23:	pollen	diversity	diet	gene	varroa	expression	varroa	mellifera	mite	
2017-01-20:	insecticides	colonies	mellifera	animal	nectar	pesticides	
2017-01-18:	insecticides	colonies	mellifera	
2017-01-16:	colony	may	health	
2017-01-15:	pesticide	pollen	analysis	
2017-01-13:	colonies	pollination	thiamethoxam	
2017-01-13:	pesticides	effects	learning	
2017-01-01:	
2017-01-01:	colony	colonies	use	food	pollen	species	
2017-01-01:	gene	varroa	expression	apis	mellifera	gut	exposure	mellifera	apis	
2017-01-01:	virus	learning	memory	varroa	colonies	colony	
2017-01-01:	gene	colony	genetic	
2017-01-01:	gene	varroa	expression	
2017-01-01:	pollen	colonies	mellifera	pesticides	pesticide	colony	effects	pesticides	study	
2017-01-01:	pesticides	pesticide	colony	
2017-01-01:	exposure	apis	larvae	
2017-01-01:	colonies	varroa	colony	infant	mellifera	colonies	effects	gene	expression	apis	pollen	colony	
2017-01-01:	effects	pesticides	study	varroa	colonies	colony	colonies	wireless	mellifera	pollen	species	pollinators	
2017-01-01:	pesticides	pesticide	colony	
2017-01-01:	colony	mellifera	varroa	pesticide	pollen	analysis	
2017-01-01:	effects	gene	expression	colony	may	health	gene	varroa	expression	pesticide	pesticides	exposure	
2017-01-01:	varroa	populations	mite	
2017-01-01:	pollen	nosema	varroa	
2017-01-01:	pesticides	pollen	exposure	gene	colony	genetic	virus	colonies	rna	analysis	study	method	
2017-01-01:	exposure	mellifera	apis	
2017-01-01:	colonies	pollination	thiamethoxam	
2017-01-01:	apis	effects	insecticides	
2017-01-01:	chlorpyrifos	cytochrome	colony	
2017-01-01:	pesticides	mellifera	effects	pesticides	pesticide	apis	pesticide	pollen	analysis	colonies	pollen	colony	
2017-01-01:	exposure	pollen	environmental	pollen	mellifera	apis	pollen	pesticide	colony	pollen	neonicotinoid	exposure	
2017-01-01:	expression	pollen	gene	effects	gene	expression	gene	varroa	expression	
2017-01-01:	effects	pesticides	study	pesticides	mellifera	effects	
2017-01-01:	exposure	mellifera	apis	
2017-01-01:	colony	virus	losses	
2017-01-01:	virus	varroa	colonies	
2017-01-01:	animal	gene	virus	
2017-01-01:	apis	colonies	species	
2017-01-01:	pesticides	pesticide	health	
2017-01-01:	virus	iapv	mite	
2017-01-01:	pollen	neonicotinoid	exposure	exposure	apis	larvae	pesticides	pesticide	colony	pollen	effects	colony	
2017-01-01:	colonies	population	virus	
2017-01-01:	pollen	nosema	varroa	colony	pollen	effects	
2017-01-01:	pesticides	pesticide	health	effects	gene	expression	pollen	neonicotinoid	exposure	pesticides	pesticide	colony	
2017-01-01:	pollen	varroa	nosema	pollen	neonicotinoid	exposure	
2017-01-01:	virus	species	study	pesticides	pesticide	colony	apis	colonies	species	food	pollen	species	
2017-01-01:	varroa	virus	colony	
2017-01-01:	colonies	pollen	nectar	
2016-12-19:	gene	virus	rna	
2016-12-15:	species	protein	colony	
2016-12-05:	virus	colonies	varroa	varroa	virus	colony	pollen	mass	spectrometry	colonies	virus	colony	
2016-12-05:	virus	colonies	varroa	
2016-12-01:	varroa	control	mite	
2016-12-01:	virus	apis	mellifera	
2016-12-01:	colonies	varroa	mites	
2016-12-01:	virus	colonies	pesticide	
2016-12-01:	genetic	gene	mellifera	
2016-12-01:	pesticides	pesticide	colony	pollen	species	colonies	pollen	diversity	diet	
2016-12-01:	pesticide	pollen	analysis	
2016-11-16:	gene	virus	rna	
2016-11-16:	larvae	mellifera	genetic	pollen	pesticide	colony	colony	colonies	imidacloprid	
2016-11-09:	animals	animal	veterinary	pesticides	pollen	exposure	pesticide	pollen	analysis	
2016-11-09:	pollen	effects	colony	exposure	mellifera	apis	
2016-11-02:	pollen	pesticide	colony	
2016-11-01:	gene	colony	colonies	
2016-11-01:	varroa	colony	health	
2016-11-01:	pesticide	pollen	analysis	pollen	pesticide	control	
2016-11-01:	pollen	neonicotinoid	exposure	pollen	diversity	diet	pollen	varroa	nosema	colony	virus	losses	
2016-11-01:	pollen	varroa	cell	
2016-11-01:	colony	varroa	virus	
2016-11-01:	apis	mite	infestation	pesticides	pesticide	apis	pollen	neonicotinoid	exposure	
2016-11-01:	pollen	mellifera	colonies	pesticides	pesticide	colony	nosema	protein	pollen	
2016-11-01:	pesticide	pollen	analysis	pesticides	pesticide	apis	apis	colonies	species	pollen	pesticide	control	
2016-11-01:	colonies	virus	colony	
2016-11-01:	pesticides	pesticide	health	protein	sequence	pollen	gene	colony	genetic	apis	mellifera	gut	
2016-11-01:	varroa	colony	health	colonies	varroa	mite	
2016-11-01:	virus	nosema	detected	
2016-11-01:	varroa	study	colony	
2016-11-01:	pesticide	pesticides	colony	pesticides	pesticide	colony	pollen	fungal	insect	effects	morphometric	stress	
2016-10-18:	genetic	gene	mellifera	
2016-10-01:	pesticides	mellifera	effects	pesticide	pollen	analysis	
2016-10-01:	management	pollen	colonies	
2016-10-01:	virus	iapv	mite	virus	apis	mellifera	
2016-10-01:	effects	gene	expression	
2016-09-21:	colony	mellifera	varroa	
2016-09-15:	pesticides	pesticide	colony	
2016-09-13:	colony	apis	colonies	apis	colonies	species	colony	varroa	virus	mites	colony	varroa	
2016-09-12:	pollen	mellifera	apis	colony	apis	colonies	colonies	pollen	colony	
2016-09-12:	colony	may	health	apis	colonies	species	
2016-09-01:	pesticides	pesticide	colony	pollen	found	mellifera	pollen	species	colonies	varroa	study	colony	
2016-09-01:	gene	colony	colonies	
2016-09-01:	effects	growth	pollen	
2016-09-01:	pesticides	pollen	exposure	species	mortality	climate	pollen	species	pollinators	
2016-09-01:	virus	mellifera	apis	
2016-09-01:	varroa	study	colony	colonies	colony	varroa	virus	colonies	varroa	colonies	pollination	thiamethoxam	
2016-09-01:	species	colony	colonies	
2016-09-01:	pollen	colonies	mellifera	
2016-09-01:	animal	nectar	pesticides	soil	viruses	animal	
2016-09-01:	exposure	behavior	animal	
2016-09-01:	soil	viruses	animal	
2016-08-24:	colonies	pollen	colony	colonies	varroa	mite	
2016-08-23:	species	pesticides	exposure	
2016-08-17:	varroa	study	colony	
2016-08-16:	exposure	apis	larvae	pesticides	mellifera	effects	pollen	fungal	insect	pollen	effects	pesticide	
2016-08-16:	colonies	pollen	colony	
2016-08-16:	species	protein	colony	gene	varroa	expression	genetic	gene	mellifera	
2016-08-15:	pollen	syndrome	genetic	colony	virus	losses	
2016-08-05:	pesticides	pesticide	health	pollen	varroa	nosema	
2016-08-01:	pollen	mass	spectrometry	
2016-08-01:	varroa	control	mite	
2016-08-01:	pollen	species	pollinators	
2016-08-01:	colony	varroa	virus	mites	colony	varroa	apis	species	native	
2016-08-01:	colony	colonies	imidacloprid	
2016-08-01:	colony	colonies	imidacloprid	
2016-08-01:	colony	pollen	effects	imidacloprid	pollen	mellifera	factors	effects	heart	
2016-08-01:	virus	colonies	rna	
2016-08-01:	analysis	study	method	mites	colony	varroa	protein	sequence	pollen	
2016-08-01:	effects	colony	pesticides	effects	exposure	male	
2016-08-01:	varroa	control	mite	
2016-08-01:	pollen	varroa	nosema	pesticides	pesticide	colony	calabria	nosema	colonies	gene	varroa	expression	
2016-07-14:	protein	sequence	pollen	pollen	species	colonies	pollen	neonicotinoid	exposure	
2016-07-12:	pollen	effects	pesticide	pollen	colonies	pollens	
2016-07-01:	pollen	nosema	varroa	pesticide	pollen	analysis	
2016-07-01:	colony	colonies	forage	
2016-07-01:	colony	apis	colonies	
2016-07-01:	colony	virus	losses	virus	colonies	rna	
2016-06-29:	pollen	colonies	mellifera	pollen	fungal	insect	genetic	gene	mellifera	
2016-06-20:	virus	nosema	detected	
2016-06-15:	gene	virus	rna	
2016-06-01:	varroa	colonies	colony	
2016-06-01:	pesticides	pesticide	health	
2016-06-01:	pollen	varroa	cell	apis	colonies	species	effects	pesticides	study	
2016-06-01:	effects	gene	expression	pesticides	effects	learning	
2016-06-01:	pollination	effects	pollinators	pollen	samples	species	
2016-06-01:	insecticides	colonies	mellifera	
2016-06-01:	virus	colonies	varroa	
2016-06-01:	species	mortality	climate	
2016-06-01:	varroa	pesticide	exposure	pesticide	pollen	analysis	pesticides	pesticide	apis	
2016-06-01:	pollen	species	colonies	food	pollen	land	pollen	mellifera	colonies	effects	colony	pesticides	
2016-05-31:	pollen	mellifera	apis	pesticides	pesticide	colony	pollen	neonicotinoid	exposure	
2016-05-07:	larvae	mellifera	genetic	
2016-05-01:	colony	virus	losses	effects	exposure	male	pesticides	pesticide	colony	virus	nosema	apis	
2016-05-01:	pollen	mellifera	apis	
2016-05-01:	mite	control	effects	
2016-05-01:	virus	apis	mellifera	species	colony	colonies	
2016-05-01:	gene	varroa	expression	
2016-05-01:	varroa	mellifera	mite	
2016-05-01:	virus	colonies	rna	virus	varroa	colonies	colony	may	health	
2016-05-01:	pollen	nosema	varroa	gene	varroa	expression	colonies	varroa	colony	
2016-05-01:	pesticides	pesticide	colony	
2016-05-01:	varroa	populations	mite	virus	colonies	pesticide	colonies	varroa	mite	
2016-05-01:	pesticide	pesticides	colony	pollen	pesticide	control	colonies	pollen	colony	pesticides	pesticide	colony	
2016-05-01:	colonies	pollination	thiamethoxam	
2016-05-01:	virus	mellifera	apis	
2016-05-01:	varroa	study	colony	pollen	varroa	nosema	pollen	species	pollinators	
2016-05-01:	apis	colonies	species	
2016-05-01:	apis	mellifera	pathogens	
2016-05-01:	virus	species	study	
2016-04-26:	varroa	mellifera	mite	effects	gene	expression	pesticides	pesticide	apis	varroa	virus	colony	
2016-04-26:	virus	colony	colonies	
2016-04-13:	pesticides	pesticide	colony	mite	pollen	effects	pollen	mellifera	apis	pesticide	pesticides	exposure	
2016-04-06:	effects	morphometric	stress	gene	colony	genetic	colony	colonies	use	pollen	species	pollinators	
2016-04-05:	effects	gene	expression	gene	varroa	expression	
2016-04-01:	pollen	varroa	nosema	pesticides	pesticide	colony	soil	viruses	animal	
2016-04-01:	animal	gene	virus	
2016-04-01:	pollen	nosema	varroa	
2016-04-01:	colonies	varroa	mite	exposure	mellifera	apis	
2016-04-01:	apis	colonies	species	
2016-04-01:	pollen	neonicotinoid	exposure	pesticide	pollen	analysis	
2016-04-01:	effects	colony	pesticides	colony	pollen	effects	
2016-04-01:	virus	mellifera	apis	
2016-03-11:	animal	gene	virus	varroa	control	mite	
2016-03-10:	pesticides	pesticide	apis	
2016-03-03:	colony	mellifera	varroa	pesticide	pollen	analysis	
2016-03-01:	spore	tube	polar	pesticides	pesticide	colony	
2016-03-01:	apis	mite	infestation	colonies	virus	expression	
2016-03-01:	effects	morphometric	stress	
2016-03-01:	apis	pollen	colony	pollen	mellifera	colonies	animal	gene	virus	colonies	pollination	thiamethoxam	
2016-03-01:	colonies	virus	colony	
2016-03-01:	pollen	pesticide	colony	pesticide	pollen	analysis	
2016-03-01:	virus	colonies	rna	
2016-03-01:	pollen	nosema	varroa	
2016-03-01:	colonies	nosema	colony	
2016-03-01:	soil	viruses	animal	effects	colony	pesticides	varroa	proteins	mite	larvae	mellifera	genetic	
2016-03-01:	virus	colonies	pesticide	
2016-03-01:	expression	pollen	gene	virus	colonies	pesticide	
2016-03-01:	pollen	neonicotinoid	exposure	pesticides	pesticide	colony	
2016-03-01:	virus	varroa	colonies	
2016-03-01:	exposure	mellifera	apis	pesticides	pesticide	apis	effects	gene	expression	varroa	mites	toxicity	
2016-03-01:	virus	colony	colonies	virus	colonies	rna	
2016-02-26:	species	pesticides	exposure	pesticide	pollen	analysis	pesticides	colonies	chromatography	pesticide	pesticides	colony	
2016-02-05:	pollen	colonies	rna	varroa	control	mite	genetic	gene	mellifera	
2016-02-01:	pollen	nosema	varroa	
2016-02-01:	colonies	viability	effect	
2016-02-01:	exposure	mellifera	apis	pesticide	pollen	analysis	pesticide	pesticides	colony	pesticide	pesticides	exposure	
2016-02-01:	imidacloprid	learning	apis	effects	animal	colony	pesticide	pollen	analysis	apis	mellifera	nosema	
2016-02-01:	virus	food	protein	
2016-02-01:	colonies	pollen	nectar	varroa	control	mite	colony	ccd	hives	nutrient	exotic	plants	
2016-01-15:	pesticides	pesticide	apis	
2016-01-15:	pesticide	pesticides	exposure	pesticides	pesticide	colony	
2016-01-13:	pesticides	pesticide	apis	apis	colonies	species	
2016-01-07:	colonies	pollen	colony	exposure	mellifera	apis	varroa	control	mite	larvae	mellifera	genetic	
2016-01-04:	pesticides	effects	learning	
2016-01-01:	colonies	pollen	colony	
2016-01-01:	colonies	varroa	mites	pesticides	effects	learning	
2016-01-01:	gene	varroa	expression	
2016-01-01:	virus	viruses	mellifera	
2016-01-01:	pesticides	mellifera	effects	
2016-01-01:	factors	effects	heart	
2016-01-01:	protein	sequence	pollen	pesticide	pollen	analysis	pollen	colonies	rna	pollen	colonies	pollens	
2016-01-01:	animal	gene	virus	
2016-01-01:	effects	colony	pesticides	
2016-01-01:	pollen	varroa	nosema	
2016-01-01:	pollen	pesticide	colony	pollen	mellifera	apis	
2016-01-01:	pollen	effects	pesticide	
2016-01-01:	pollen	nosema	varroa	
2016-01-01:	colonies	virus	colony	
2016-01-01:	pollen	diversity	diet	colony	apis	colonies	
2016-01-01:	varroa	mellifera	mite	
2016-01-01:	protein	sequence	pollen	virus	mellifera	apis	virus	food	protein	apis	colonies	species	
2016-01-01:	virus	colonies	pesticide	
2016-01-01:	mites	colony	varroa	exposure	apis	larvae	
2016-01-01:	colony	colonies	use	pollen	species	pollinators	
2016-01-01:	pesticides	pesticide	health	pollen	pesticide	control	
2016-01-01:	effects	colony	pesticides	virus	apis	mellifera	
2016-01-01:	apis	mellifera	nosema	
2016-01-01:	pesticides	pesticide	colony	colonies	varroa	mite	
2016-01-01:	exposure	mellifera	apis	apis	pollen	colony	genetic	gene	mellifera	colony	colonies	use	
2016-01-01:	pollen	neonicotinoid	exposure	
2016-01-01:	food	gene	varroa	
2016-01-01:	varroa	populations	mite	apis	pollen	colony	
2016-01-01:	colonies	mellifera	larvae	
2015-12-24:	animal	nectar	pesticides	pesticide	pollen	analysis	pesticide	pesticides	colony	
2015-12-22:	pollen	tradeoffs	fatty	
2015-12-15:	apis	mellifera	gut	species	colony	colonies	pollen	fungal	insect	
2015-12-08:	imidacloprid	pollen	mellifera	virus	colonies	pesticide	
2015-12-01:	virus	species	study	
2015-12-01:	varroa	proteins	mite	virus	colonies	pesticide	
2015-12-01:	colonies	wireless	mellifera	gene	varroa	expression	apis	effects	insecticides	
2015-12-01:	pollen	mellifera	apis	
2015-12-01:	pollen	colonies	mellifera	colony	may	health	
2015-12-01:	colony	mellifera	varroa	
2015-12-01:	effects	gene	expression	pesticide	pesticides	exposure	apis	mellifera	gut	pollen	colonies	pollens	
2015-11-30:	colonies	nosema	colony	varroa	colony	health	
2015-11-03:	exposure	pollen	environmental	colonies	pollen	nectar	colonies	pollen	colony	pesticide	pesticides	exposure	
2015-11-01:	colony	virus	losses	
2015-11-01:	larvae	mellifera	genetic	
2015-11-01:	animal	gene	virus	
2015-11-01:	colonies	virus	expression	
2015-11-01:	pesticides	pesticide	colony	
2015-11-01:	pollen	nosema	varroa	colonies	varroa	mite	
2015-10-29:	pollen	colonies	pollens	
2015-10-21:	virus	mellifera	apis	varroa	control	mite	colony	pollen	effects	pesticides	pesticide	apis	
2015-10-20:	virus	nosema	detected	
2015-10-20:	colony	varroa	colonies	virus	colonies	varroa	
2015-10-20:	pollen	effects	colony	
2015-10-20:	apis	colonies	species	
2015-10-20:	chlorpyrifos	cytochrome	colony	
2015-10-20:	varroa	pesticide	exposure	
2015-10-02:	pollen	mellifera	apis	pesticides	pesticide	colony	
2015-10-01:	soil	viruses	animal	
2015-10-01:	virus	colonies	pesticide	
2015-10-01:	virus	learning	memory	mite	control	effects	
2015-09-11:	varroa	proteins	mite	virus	colonies	rna	
2015-09-04:	apis	colonies	species	food	pollen	species	
2015-09-03:	pollen	pesticide	control	
2015-09-03:	virus	colony	colonies	
2015-09-03:	pesticide	pesticides	colony	
2015-09-01:	pollen	mellificae	c	
2015-09-01:	mellifera	colonies	nosema	exposure	behavior	animal	effects	growth	pollen	colony	pollen	effects	
2015-09-01:	apis	colonies	species	
2015-08-27:	apis	effects	insecticides	exposure	mellifera	apis	pesticides	pesticide	apis	varroa	study	colony	
2015-08-26:	pollen	mellifera	apis	
2015-08-21:	food	pollen	land	pesticides	pesticide	colony	varroa	mellifera	mite	pollen	varroa	nosema	
2015-08-17:	animal	nectar	pesticides	
2015-08-13:	pollen	neonicotinoid	exposure	
2015-08-10:	species	protein	colony	pesticides	colonies	chromatography	varroa	colonies	colony	
2015-08-08:	colonies	pollen	colony	
2015-08-08:	varroa	colonies	colony	pesticides	colonies	chromatography	
2015-08-08:	pesticide	pesticides	colony	colony	virus	losses	
2015-08-08:	calabria	nosema	colonies	
2015-08-01:	colonies	pollen	nectar	
2015-08-01:	virus	colony	colonies	colony	varroa	virus	
2015-08-01:	species	pesticides	exposure	analysis	study	method	pesticide	pesticides	colony	
2015-07-26:	varroa	colony	health	
2015-07-17:	virus	colony	colonies	virus	colonies	pesticide	colonies	virus	colony	
2015-07-14:	pesticides	pollen	exposure	gene	varroa	expression	species	mortality	climate	
2015-07-14:	colony	pollen	effects	
2015-07-07:	gene	varroa	expression	larvae	mellifera	genetic	
2015-07-06:	colonies	wireless	mellifera	
2015-07-06:	analysis	study	method	
2015-07-06:	colonies	pollen	nectar	apis	colonies	species	pollen	colonies	pollens	
2015-07-02:	colonies	varroa	mites	virus	learning	memory	
2015-07-01:	apis	species	native	
2015-06-30:	species	mortality	climate	
2015-06-26:	apis	pollen	colony	pollen	colonies	pollens	effects	gene	expression	exposure	apis	larvae	
2015-06-26:	varroa	control	mite	
2015-06-25:	colony	apis	colonies	pesticides	pesticide	colony	
2015-06-24:	varroa	colonies	colony	
2015-06-23:	pesticide	pollen	analysis	virus	colonies	rna	
2015-06-18:	virus	colonies	rna	
2015-06-18:	pollen	effects	colony	pesticide	pesticides	exposure	varroa	control	mite	effects	morphometric	stress	
2015-06-14:	colonies	population	virus	
2015-06-14:	colonies	varroa	colony	
2015-06-14:	mites	colony	varroa	
2015-06-11:	exposure	behavior	animal	
2015-06-11:	gene	colony	genetic	pesticide	pesticides	exposure	factors	effects	heart	
2015-06-11:	species	pesticides	exposure	pollen	diversity	diet	
2015-06-03:	mites	colony	varroa	
2015-06-03:	species	mortality	climate	pesticide	pesticides	exposure	
2015-06-01:	food	gene	varroa	
2015-06-01:	colonies	pollen	nectar	pollen	diversity	diet	pollen	species	colonies	
2015-06-01:	pollen	colonies	pollens	
2015-05-22:	virus	food	protein	virus	colonies	rna	virus	mellifera	apis	
2015-05-22:	effects	exposure	male	varroa	control	mite	effects	gene	expression	pollen	syndrome	genetic	
2015-05-21:	pollen	fungal	insect	
2015-05-19:	colonies	mellifera	larvae	
2015-05-18:	pesticides	pesticide	colony	effects	gene	expression	virus	colonies	pesticide	pesticide	pollen	analysis	
2015-05-16:	climate	mellifera	detoxification	
2015-05-13:	animals	animal	veterinary	pesticide	pesticides	colony	pollen	colonies	rna	
2015-05-07:	virus	colonies	varroa	
2015-05-01:	apis	pollen	colony	exposure	apis	larvae	
2015-05-01:	pesticides	effects	learning	pesticide	pollen	analysis	
2015-05-01:	exposure	apis	larvae	
2015-05-01:	pesticide	pesticides	apis	
2015-05-01:	virus	apis	mellifera	colony	colonies	forage	
2015-05-01:	colony	virus	losses	pesticide	pesticides	colony	
2015-05-01:	colonies	population	virus	varroa	control	mite	varroa	virus	colony	
2015-04-28:	virus	colony	colonies	
2015-04-28:	mites	colonies	apis	
2015-04-24:	colonies	pollination	thiamethoxam	colonies	varroa	mite	rna	genetic	virus	
2015-04-11:	gene	lactobacillus	viruses	genetic	gene	mellifera	
2015-04-01:	colony	apis	colonies	
2015-04-01:	apis	mellifera	nosema	
2015-04-01:	gene	colony	colonies	colony	apis	colonies	
2015-04-01:	pollen	pesticide	colony	pesticide	pollen	analysis	pesticide	pesticides	colony	
2015-04-01:	effects	colony	pesticides	
2015-04-01:	rna	genetic	virus	
2015-04-01:	genetic	gene	mellifera	pollen	mellifera	apis	gene	varroa	expression	
2015-04-01:	apis	colonies	species	pollen	species	pollinators	soil	viruses	animal	varroa	colonies	colony	
2015-03-31:	animal	gene	virus	
2015-03-30:	food	gene	varroa	pollen	colonies	amitraz	
2015-03-23:	expression	pollen	gene	virus	colonies	rna	varroa	virus	colony	pollen	species	colonies	
2015-03-20:	colonies	pollen	nectar	species	mortality	climate	pesticide	pesticides	exposure	food	pollen	land	
2015-03-18:	colony	colonies	imidacloprid	
2015-03-01:	pollen	mass	spectrometry	virus	varroa	colonies	
2015-03-01:	gene	colony	genetic	virus	colonies	rna	gene	virus	rna	pollen	varroa	nosema	
2015-02-27:	apis	mite	infestation	virus	colonies	varroa	virus	colonies	rna	
2015-02-24:	pollen	mass	spectrometry	pollen	neonicotinoid	exposure	soil	viruses	animal	
2015-02-24:	apis	pollen	colony	virus	mellifera	apis	effects	colony	pesticides	
2015-02-01:	mites	colonies	apis	
2015-01-01:	pollen	colonies	rna	exposure	apis	larvae	pesticides	pesticide	colony	colonies	pollen	nectar	
2015-01-01:	colony	may	health	
2015-01-01:	colony	pollen	effects	varroa	populations	mite	colonies	mellifera	larvae	colonies	wireless	mellifera	
2015-01-01:	virus	colonies	pesticide	
2015-01-01:	varroa	colonies	colony	colonies	varroa	mite	colonies	pollination	thiamethoxam	
2015-01-01:	colonies	colony	varroa	mites	colony	varroa	colonies	varroa	colony	pollen	species	colonies	
2015-01-01:	pesticide	pollen	analysis	pesticide	pesticides	colony	colonies	wireless	mellifera	analysis	study	method	
2015-01-01:	colony	pollen	effects	
2015-01-01:	apis	nosema	n	
2015-01-01:	virus	apis	mellifera	mellifera	colonies	nosema	
2015-01-01:	pollen	mellifera	apis	
2015-01-01:	apis	mellifera	nosema	pesticide	pollen	analysis	varroa	pesticide	exposure	
2015-01-01:	pollen	samples	species	pollen	species	pollinators	
2015-01-01:	virus	apis	mellifera	effects	pesticides	study	
2015-01-01:	gene	colony	colonies	varroa	control	mite	
2015-01-01:	pollen	colonies	amitraz	
2015-01-01:	species	mortality	climate	
2015-01-01:	effects	animal	colony	
2015-01-01:	gene	colony	genetic	
2015-01-01:	nutrient	exotic	plants	pollen	colonies	pollens	
2015-01-01:	mite	control	effects	apis	mellifera	nosema	
2015-01-01:	management	pollen	colonies	
2015-01-01:	virus	colony	colonies	colony	colonies	use	colony	colonies	imidacloprid	
2015-01-01:	pesticide	pesticides	apis	
2015-01-01:	colonies	pollen	nectar	
2015-01-01:	colonies	pollen	colony	
2015-01-01:	pesticides	pesticide	apis	
2015-01-01:	colony	varroa	virus	colonies	pollen	colony	pesticides	pesticide	colony	pesticides	pesticide	apis	
2015-01-01:	colonies	varroa	mite	
2015-01-01:	pollen	varroa	nosema	virus	apis	mellifera	virus	viruses	mellifera	
2015-01-01:	pollen	mellifera	colonies	
2015-01-01:	pesticide	pollen	analysis	
2015-01-01:	pollen	colonies	pollens	
2015-01-01:	colonies	varroa	mite	
2015-01-01:	animal	gene	virus	
2015-01-01:	pollen	tradeoffs	fatty	pesticides	pesticide	health	effects	colony	pesticides	
2015-01-01:	pesticides	mellifera	effects	colonies	pollination	thiamethoxam	apis	effects	insecticides	effects	gene	expression	
2015-01-01:	virus	varroa	colonies	
2015-01-01:	infant	mellifera	colonies	
2015-01-01:	colony	colonies	imidacloprid	exposure	behavior	animal	
2015-01-01:	pollen	colonies	mellifera	genetic	gene	mellifera	
2015-01-01:	effects	exposure	male	
2015-01-01:	rna	genetic	virus	
2015-01-01:	pollen	pesticide	colony	
2015-01-01:	pesticides	pesticide	colony	virus	colonies	rna	
2015-01-01:	pollen	mass	spectrometry	
2015-01-01:	apis	nosema	n	gene	colony	genetic	virus	apis	mellifera	
2015-01-01:	pesticide	pesticides	apis	colonies	varroa	mites	pesticide	pesticides	exposure	gene	varroa	expression	
2015-01-01:	effects	animal	colony	
2015-01-01:	mites	colonies	apis	
2015-01-01:	pollen	mellifera	apis	pesticides	pesticide	apis	pesticide	pesticides	exposure	pollen	neonicotinoid	exposure	
2014-12-05:	apis	colonies	species	colonies	population	virus	protein	sequence	pollen	pollen	neonicotinoid	exposure	
2014-12-01:	pollen	neonicotinoid	exposure	
2014-12-01:	effects	pesticides	study	colony	pollen	effects	
2014-11-27:	varroa	virus	colony	colonies	varroa	mite	virus	colony	colonies	gene	varroa	expression	
2014-11-12:	pesticide	pesticides	apis	
2014-10-20:	spore	tube	polar	
2014-10-06:	pollen	colonies	mellifera	insecticides	colonies	mellifera	colonies	varroa	mites	pollen	samples	species	
2014-10-01:	virus	colonies	rna	varroa	control	mite	exposure	mellifera	apis	
2014-10-01:	virus	viruses	semen	
2014-10-01:	insecticides	colonies	mellifera	apis	mellifera	nosema	
2014-09-19:	larvae	mellifera	genetic	pesticide	pesticides	exposure	larvae	disease	effects	
2014-09-17:	pesticide	pesticides	exposure	
2014-09-15:	colony	varroa	virus	virus	colonies	rna	apis	colonies	species	genetic	gene	mellifera	
2014-09-12:	virus	mellifera	apis	pesticide	pollen	analysis	
2014-09-01:	pesticide	pollen	analysis	pollen	tradeoffs	fatty	
2014-09-01:	food	pollen	land	
2014-08-25:	virus	food	protein	
2014-08-21:	colonies	virus	colony	virus	varroa	colonies	virus	colonies	varroa	varroa	mellifera	mite	
2014-08-19:	pollen	colonies	pollens	pollen	neonicotinoid	exposure	
2014-08-15:	animal	gene	virus	apis	colonies	species	virus	colonies	varroa	pesticide	pesticides	colony	
2014-08-01:	gene	colony	genetic	pesticides	pesticide	colony	species	pesticides	exposure	colony	colonies	imidacloprid	
2014-08-01:	virus	colony	colonies	varroa	control	mite	colonies	colony	varroa	pollen	mellifera	apis	
2014-08-01:	food	pollen	land	
2014-07-21:	pesticides	pesticide	colony	colonies	population	virus	virus	colonies	rna	virus	colonies	pesticide	
2014-07-17:	effects	gene	expression	
2014-07-14:	pesticides	pesticide	apis	
2014-07-14:	exposure	mellifera	apis	
2014-07-04:	pesticide	pesticides	apis	
2014-07-03:	effects	gene	expression	pollen	mellifera	colonies	varroa	colonies	colony	
2014-07-01:	pollen	nosema	varroa	pesticide	pollen	analysis	pesticides	pollen	exposure	pesticide	pesticides	colony	
2014-06-23:	colonies	virus	colony	
2014-06-13:	virus	colonies	varroa	
2014-06-11:	colony	varroa	virus	
2014-06-03:	colonies	varroa	mites	
2014-05-30:	infant	mellifera	colonies	pollen	mellifera	apis	colonies	virus	colony	
2014-05-30:	colonies	wireless	mellifera	
2014-05-30:	varroa	colonies	colony	virus	colonies	rna	
2014-05-13:	pollen	mass	spectrometry	pollen	colonies	rna	
2014-05-05:	colonies	varroa	colony	management	pollen	colonies	virus	colonies	rna	
2014-04-30:	pesticide	pollen	analysis	food	pollen	species	pesticides	pesticide	apis	
2014-04-17:	gene	virus	rna	gene	colony	genetic	genetic	gene	mellifera	colonies	varroa	mites	
2014-04-16:	varroa	mites	toxicity	colony	varroa	virus	pesticides	pesticide	colony	animal	gene	virus	
2014-04-16:	protein	sequence	pollen	pesticides	pollen	exposure	pollen	fungal	insect	colonies	pollen	nectar	
2014-04-09:	pollen	mass	spectrometry	pesticides	pesticide	colony	
2014-04-01:	expression	pollen	gene	
2014-03-27:	pollen	species	pollinators	
2014-03-19:	exposure	mellifera	apis	gene	varroa	expression	pollen	neonicotinoid	exposure	
2014-03-10:	protein	sequence	pollen	
2014-03-07:	colony	colonies	forage	varroa	control	mite	
2014-03-01:	infant	mellifera	colonies	virus	colonies	varroa	
2014-03-01:	animal	gene	virus	gene	colony	colonies	virus	colony	colonies	
2014-03-01:	food	pollen	species	
2014-02-25:	virus	varroa	colonies	
2014-02-25:	effects	colony	pesticides	
2014-02-21:	apis	mite	infestation	
2014-02-20:	effects	growth	pollen	gene	colony	genetic	animal	gene	virus	exposure	apis	larvae	
2014-01-31:	mites	colonies	apis	
2014-01-29:	pollen	fungal	insect	pesticides	pesticide	health	species	protein	colony	protein	sequence	pollen	
2014-01-27:	pollen	varroa	nosema	
2014-01-08:	pesticide	pesticides	apis	
2014-01-01:	virus	colonies	rna	apis	mellifera	gut	virus	iapv	mite	virus	viruses	semen	
2014-01-01:	pollen	nosema	varroa	colonies	varroa	mite	
2014-01-01:	virus	colonies	rna	
2014-01-01:	pollen	syndrome	genetic	
2014-01-01:	colony	colonies	forage	
2014-01-01:	mellifera	colonies	nosema	
2014-01-01:	virus	viruses	semen	
2014-01-01:	gene	colony	genetic	pollen	colonies	pollens	
2014-01-01:	nosema	protein	pollen	virus	colony	colonies	
2014-01-01:	animals	animal	veterinary	pollen	colonies	pollens	pollen	diversity	diet	
2014-01-01:	colonies	varroa	mite	virus	colonies	varroa	apis	mite	infestation	
2014-01-01:	virus	viruses	mellifera	mite	control	effects	colony	varroa	virus	varroa	colonies	colony	
2014-01-01:	virus	food	protein	colony	may	health	colonies	varroa	mite	
2014-01-01:	genetic	gene	mellifera	virus	colonies	pesticide	
2014-01-01:	colony	colonies	imidacloprid	
2014-01-01:	virus	apis	mellifera	
2014-01-01:	exposure	pollen	environmental	pesticides	pesticide	colony	pesticide	pollen	analysis	colony	pollen	effects	
2014-01-01:	imidacloprid	pollen	mellifera	
2014-01-01:	pollen	found	mellifera	genetic	gene	mellifera	pollen	species	colonies	
2014-01-01:	pesticide	pollen	analysis	effects	pesticides	study	
2014-01-01:	pollen	varroa	cell	
2014-01-01:	gene	virus	rna	
2014-01-01:	colonies	varroa	colony	
2014-01-01:	apis	mellifera	gut	pesticide	pollen	analysis	colonies	varroa	mite	food	gene	varroa	
2014-01-01:	pesticide	pesticides	colony	
2014-01-01:	virus	varroa	colonies	
2014-01-01:	analysis	study	method	
2014-01-01:	pesticide	pollen	analysis	
2014-01-01:	pollen	neonicotinoid	exposure	pesticides	pesticide	colony	pesticide	pesticides	colony	colonies	nosema	colony	
2014-01-01:	exposure	mellifera	apis	genetic	gene	mellifera	gene	colony	genetic	
2014-01-01:	species	pesticides	exposure	
2014-01-01:	pesticides	pesticide	colony	gene	varroa	expression	
2014-01-01:	pollen	nosema	varroa	
2014-01-01:	colony	virus	losses	pesticide	pesticides	colony	varroa	colony	health	
2014-01-01:	effects	gene	expression	pesticides	colonies	chromatography	
2014-01-01:	pollen	mellifera	colonies	
2014-01-01:	colony	mellifera	varroa	
2014-01-01:	virus	food	protein	
2014-01-01:	virus	colonies	varroa	colonies	nosema	colony	
2014-01-01:	virus	apis	mellifera	pesticides	pesticide	colony	
2014-01-01:	pollen	neonicotinoid	exposure	
2014-01-01:	pesticides	pollen	exposure	apis	effects	insecticides	effects	gene	expression	exposure	mellifera	apis	
2014-01-01:	colonies	varroa	mites	colonies	colony	varroa	colonies	varroa	mite	
2014-01-01:	apis	colonies	species	gene	virus	rna	apis	nosema	n	
2014-01-01:	virus	nosema	detected	
2014-01-01:	virus	current	mg	
2014-01-01:	pesticides	pesticide	health	
2014-01-01:	pesticides	colonies	chromatography	
2014-01-01:	soil	viruses	animal	
2014-01-01:	colonies	pollination	thiamethoxam	
2014-01-01:	effects	pesticides	study	mellifera	colonies	nosema	
2014-01-01:	pollen	effects	colony	
2014-01-01:	pollen	species	pollinators	
2014-01-01:	pollen	mellifera	apis	varroa	virus	colony	
2014-01-01:	colony	varroa	colonies	
2014-01-01:	colony	mellifera	varroa	
2014-01-01:	apis	colonies	species	pesticides	pesticide	colony	colonies	pollen	colony	exposure	mellifera	apis	
2014-01-01:	exposure	behavior	animal	effects	gene	expression	colonies	nosema	colony	varroa	control	mite	
2014-01-01:	virus	current	mg	varroa	virus	colony	
2014-01-01:	colonies	virus	colony	
2014-01-01:	colonies	wireless	mellifera	
2014-01-01:	protein	sequence	pollen	
2014-01-01:	pesticides	pesticide	colony	apis	colonies	species	pesticides	pesticide	apis	pesticide	pesticides	exposure	
2014-01-01:	effects	growth	pollen	pollen	fungal	insect	pesticides	pesticide	health	virus	varroa	colonies	
2014-01-01:	virus	colonies	pesticide	
2014-01-01:	pollen	colonies	rna	pollen	colonies	pollens	
2014-01-01:	apis	mellifera	nosema	pesticide	pesticides	exposure	pesticides	pesticide	colony	colony	apis	colonies	
2014-01-01:	pollen	species	colonies	
2014-01-01:	food	pollen	land	
2014-01-01:	nosema	protein	pollen	
2014-01-01:	food	gene	varroa	pollen	colonies	amitraz	
2014-01-01:	pesticides	mellifera	effects	
2014-01-01:	colony	colonies	imidacloprid	
2013-12-27:	pollen	fungal	insect	gene	varroa	expression	
2013-12-17:	colonies	pollen	nectar	nosema	protein	pollen	protein	sequence	pollen	
2013-12-01:	virus	current	mg	
2013-12-01:	varroa	proteins	mite	expression	pollen	gene	
2013-12-01:	colonies	nosema	colony	
2013-12-01:	gene	virus	rna	pollen	neonicotinoid	exposure	pollen	colonies	pollens	pesticide	pollen	analysis	
2013-12-01:	pesticides	pesticide	apis	
2013-12-01:	colonies	mellifera	larvae	varroa	control	mite	pesticide	pollen	analysis	gene	virus	rna	
2013-11-05:	analysis	study	method	pesticide	pollen	analysis	
2013-11-01:	varroa	colony	health	pesticide	pollen	analysis	
2013-11-01:	gene	varroa	expression	apis	colonies	species	
2013-11-01:	pesticides	pesticide	apis	pesticide	pollen	analysis	
2013-11-01:	colony	varroa	virus	pollen	mellifera	colonies	
2013-10-25:	imidacloprid	learning	apis	
2013-10-24:	colony	colonies	imidacloprid	varroa	populations	mite	factors	effects	heart	
2013-10-23:	pollen	nosema	varroa	varroa	colony	health	varroa	study	colony	pesticides	pesticide	colony	
2013-10-21:	virus	colonies	pesticide	
2013-10-18:	pesticides	mellifera	effects	varroa	control	mite	colony	pollen	effects	colony	varroa	colonies	
2013-10-15:	pollen	losses	pesticide	pesticide	pollen	analysis	pesticide	pesticides	colony	pesticides	pesticide	apis	
2013-10-10:	virus	viruses	mellifera	virus	colonies	rna	colony	colonies	imidacloprid	
2013-10-10:	exposure	apis	larvae	virus	colonies	rna	
2013-10-02:	apis	effects	insecticides	
2013-10-01:	gene	colony	colonies	
2013-10-01:	colony	may	health	
2013-09-23:	pesticides	pesticide	health	
2013-09-23:	colony	colonies	use	
2013-09-23:	pollen	colonies	pollens	colonies	population	virus	
2013-09-23:	pollen	fungal	insect	virus	colonies	pesticide	apis	colonies	species	colonies	nosema	colony	
2013-09-23:	apis	mellifera	pathogens	
2013-09-18:	larvae	mellifera	genetic	virus	colonies	rna	
2013-09-17:	colony	colonies	use	varroa	control	mite	apis	mellifera	nosema	exposure	behavior	animal	
2013-09-09:	species	mortality	climate	
2013-09-05:	genetic	gene	mellifera	chlorpyrifos	cytochrome	colony	
2013-09-01:	factors	effects	heart	
2013-09-01:	pollen	colonies	pollens	pesticides	pollen	exposure	expression	pollen	gene	pollen	neonicotinoid	exposure	
2013-09-01:	apis	mellifera	pathogens	varroa	virus	colony	
2013-09-01:	colonies	nosema	colony	effects	gene	expression	
2013-08-26:	exposure	apis	larvae	colonies	virus	colony	virus	colonies	rna	colony	varroa	virus	
2013-08-20:	pollen	varroa	cell	pesticide	pollen	analysis	pollen	species	pollinators	
2013-08-05:	pollen	diversity	diet	
2013-08-01:	varroa	pesticide	exposure	
2013-08-01:	mites	colonies	apis	virus	colonies	varroa	
2013-08-01:	colony	colonies	use	virus	learning	memory	apis	colonies	species	mites	colonies	apis	
2013-07-24:	pesticide	pesticides	colony	pesticides	pesticide	colony	pollen	fungal	insect	colonies	pollen	colony	
2013-07-18:	varroa	proteins	mite	
2013-07-17:	colony	colonies	imidacloprid	virus	species	study	
2013-07-17:	varroa	control	mite	protein	sequence	pollen	pesticides	pesticide	colony	
2013-07-01:	virus	iapv	mite	effects	gene	expression	pollen	species	pollinators	pollen	fungal	insect	
2013-07-01:	genetic	gene	mellifera	
2013-06-17:	pesticide	pesticides	apis	pesticides	colonies	chromatography	pesticide	pesticides	colony	pollen	colonies	pollens	
2013-06-12:	exposure	mellifera	apis	
2013-06-12:	virus	colonies	pesticide	
2013-06-01:	pollen	colonies	amitraz	
2013-06-01:	colonies	varroa	mite	
2013-06-01:	varroa	populations	mite	
2013-06-01:	virus	iapv	mite	effects	gene	expression	
2013-06-01:	nosema	protein	pollen	
2013-05-31:	protein	sequence	pollen	
2013-05-28:	pollen	pesticide	colony	exposure	apis	larvae	
2013-05-16:	virus	viruses	mellifera	
2013-05-08:	apis	nosema	n	pollen	mellifera	apis	
2013-05-01:	pesticides	pesticide	apis	
2013-05-01:	pollen	fungal	insect	
2013-04-11:	pesticide	pollen	analysis	gene	varroa	expression	varroa	control	mite	
2013-04-02:	colonies	wireless	mellifera	
2013-04-01:	apis	pollen	colony	pollen	varroa	nosema	pollen	effects	colony	
2013-04-01:	effects	colony	pesticides	
2013-04-01:	pesticides	pesticide	colony	pesticide	pesticides	colony	
2013-04-01:	colony	varroa	colonies	pollen	losses	pesticide	
2013-04-01:	pollen	colonies	pollens	colonies	population	virus	
2013-04-01:	colony	may	health	
2013-04-01:	gene	virus	rna	
2013-04-01:	exposure	apis	larvae	
2013-03-28:	apis	colonies	species	colony	ccd	hives	effects	colony	pesticides	
2013-03-19:	virus	varroa	colonies	
2013-03-01:	colonies	mellifera	larvae	
2013-03-01:	apis	colonies	species	
2013-03-01:	pesticides	pesticide	colony	
2013-03-01:	pollen	mellifera	apis	colony	varroa	virus	species	pesticides	exposure	apis	species	native	
2013-03-01:	colony	ccd	hives	
2013-02-18:	colonies	virus	expression	
2013-02-01:	analysis	study	method	
2013-02-01:	pollen	fungal	insect	
2013-02-01:	apis	pollen	colony	pesticides	pollen	exposure	apis	nosema	n	colonies	virus	colony	
2013-02-01:	apis	pollen	colony	virus	colonies	rna	chlorpyrifos	cytochrome	colony	
2013-02-01:	pollen	colonies	mellifera	
2013-02-01:	virus	viruses	semen	
2013-02-01:	pollen	fungal	insect	
2013-01-29:	varroa	mites	toxicity	pesticide	pollen	analysis	
2013-01-16:	colonies	colony	varroa	apis	colonies	species	
2013-01-08:	virus	iapv	mite	pollen	fungal	insect	soil	viruses	animal	factors	effects	heart	
2013-01-01:	colony	may	health	apis	species	native	
2013-01-01:	varroa	control	mite	
2013-01-01:	pollen	fungal	insect	genetic	gene	mellifera	
2013-01-01:	colonies	virus	expression	
2013-01-01:	exposure	pollen	environmental	virus	colonies	viruses	genetic	gene	mellifera	
2013-01-01:	virus	colonies	varroa	
2013-01-01:	food	pollen	species	
2013-01-01:	pesticides	pesticide	colony	pesticide	pesticides	colony	
2013-01-01:	apis	effects	insecticides	colony	pollen	effects	pesticides	pesticide	apis	pollen	fungal	insect	
2013-01-01:	colonies	virus	expression	
2013-01-01:	gene	colony	genetic	gene	varroa	expression	genetic	gene	mellifera	
2013-01-01:	varroa	control	mite	
2013-01-01:	colony	colonies	imidacloprid	pollen	fungal	insect	
2012-12-01:	animals	animal	veterinary	virus	colonies	varroa	pesticides	effects	learning	mite	control	effects	
2012-12-01:	virus	colony	colonies	gene	virus	rna	virus	colonies	varroa	virus	colonies	rna	
2012-12-01:	varroa	colonies	colony	
2012-12-01:	varroa	populations	mite	pollination	effects	pollinators	
2012-12-01:	varroa	control	mite	species	colony	colonies	
2012-12-01:	colonies	varroa	mite	
2012-12-01:	pollen	colonies	rna	pesticide	pollen	analysis	
2012-12-01:	colony	colonies	imidacloprid	colonies	virus	colony	
2012-11-20:	apis	effects	insecticides	colony	mellifera	varroa	
2012-11-19:	pesticides	pesticide	apis	mites	colony	varroa	apis	colonies	species	infant	mellifera	colonies	
2012-11-12:	exposure	pollen	environmental	
2012-11-02:	gene	colony	colonies	varroa	control	mite	
2012-11-02:	varroa	control	mite	gene	colony	colonies	
2012-11-01:	colonies	varroa	mite	
2012-11-01:	varroa	control	mite	pesticides	pesticide	colony	exposure	mellifera	apis	
2012-11-01:	apis	colonies	species	
2012-10-29:	rna	genetic	virus	virus	colonies	varroa	virus	colonies	rna	animal	gene	virus	
2012-10-01:	genetic	gene	mellifera	virus	food	protein	
2012-10-01:	apis	colonies	species	
2012-09-15:	larvae	disease	effects	colonies	varroa	mite	pollen	diversity	diet	
2012-09-01:	varroa	mellifera	mite	mite	control	effects	
2012-08-21:	varroa	virus	colony	apis	colonies	species	
2012-08-01:	apis	pollen	colony	
2012-08-01:	apis	nosema	n	
2012-08-01:	pesticides	mellifera	effects	effects	gene	expression	pollen	varroa	nosema	
2012-08-01:	exposure	mellifera	apis	
2012-07-16:	pollination	effects	pollinators	
2012-07-03:	genetic	gene	mellifera	
2012-07-01:	colony	ccd	hives	colonies	varroa	mite	varroa	control	mite	
2012-07-01:	exposure	mellifera	apis	virus	apis	mellifera	
2012-06-27:	pollen	nosema	varroa	pesticide	pollen	analysis	
2012-06-04:	pesticide	pesticides	exposure	pollination	effects	pollinators	
2012-06-01:	colonies	nosema	colony	
2012-06-01:	varroa	pesticide	exposure	
2012-06-01:	pesticides	mellifera	effects	
2012-06-01:	food	gene	varroa	pesticide	pesticides	exposure	
2012-06-01:	virus	colonies	rna	
2012-05-15:	colony	ccd	hives	
2012-05-01:	colony	ccd	hives	
2012-05-01:	pollen	varroa	cell	
2012-05-01:	mellifera	colonies	nosema	
2012-05-01:	pesticides	pesticide	health	
2012-05-01:	virus	colonies	varroa	
2012-05-01:	varroa	control	mite	pesticides	pesticide	colony	pollen	pesticide	control	effects	morphometric	stress	
2012-04-27:	colony	colonies	imidacloprid	
2012-04-20:	colony	ccd	hives	
2012-04-19:	pollination	effects	pollinators	pollen	neonicotinoid	exposure	
2012-04-01:	virus	colonies	varroa	
2012-04-01:	pollen	samples	species	
2012-04-01:	pesticides	pesticide	colony	
2012-03-23:	apis	colonies	species	animal	gene	virus	pollen	fungal	insect	
2012-03-12:	colony	colonies	forage	genetic	gene	mellifera	
2012-03-01:	pollen	varroa	nosema	pesticide	pesticides	colony	
2012-02-03:	larvae	mellifera	genetic	virus	mellifera	apis	pollen	pesticide	colony	pollen	colonies	pollens	
2012-02-01:	colony	varroa	virus	varroa	control	mite	food	gene	varroa	
2012-02-01:	colonies	mellifera	larvae	colonies	nosema	colony	colony	varroa	virus	colonies	pollen	colony	
2012-02-01:	colonies	wireless	mellifera	
2012-02-01:	colony	pollen	effects	
2012-02-01:	effects	morphometric	stress	
2012-02-01:	apis	species	native	pesticides	pollen	exposure	larvae	mellifera	genetic	genetic	gene	mellifera	
2012-01-03:	exposure	pollen	environmental	pesticide	pesticides	colony	pollen	neonicotinoid	exposure	
2012-01-01:	virus	colonies	rna	
2012-01-01:	virus	mellifera	apis	virus	colonies	pesticide	virus	colonies	varroa	
2012-01-01:	mites	colonies	apis	effects	gene	expression	
2012-01-01:	food	pollen	species	pollen	pesticide	control	colony	apis	colonies	
2012-01-01:	pollen	effects	pesticide	
2011-12-01:	chlorpyrifos	cytochrome	colony	virus	colony	colonies	pesticides	pesticide	health	colonies	virus	expression	
2011-12-01:	insecticides	colonies	mellifera	
2011-12-01:	apis	mellifera	nosema	
2011-11-03:	virus	mellifera	apis	pesticide	pollen	analysis	
2011-11-02:	varroa	study	colony	pesticides	pesticide	health	pesticide	pollen	analysis	virus	food	protein	
2011-11-01:	colonies	varroa	mite	mellifera	colonies	nosema	
2011-11-01:	imidacloprid	learning	apis	pesticides	pollen	exposure	genetic	gene	mellifera	apis	colonies	species	
2011-10-21:	varroa	control	mite	species	colony	colonies	
2011-10-10:	genetic	gene	mellifera	pesticides	pesticide	colony	expression	pollen	gene	pollen	losses	pesticide	
2011-10-01:	virus	nosema	apis	spore	tube	polar	
2011-10-01:	varroa	populations	mite	
2011-10-01:	colonies	varroa	colony	pesticide	pesticides	exposure	colonies	nosema	colony	
2011-09-12:	virus	colonies	pesticide	pollen	nosema	varroa	
2011-09-01:	food	pollen	land	colonies	pollination	thiamethoxam	colony	mellifera	varroa	effects	gene	expression	
2011-08-26:	pesticide	pollen	analysis	gene	lactobacillus	viruses	pesticides	pesticide	apis	
2011-08-02:	apis	mellifera	gut	pesticides	pesticide	health	gene	varroa	expression	genetic	gene	mellifera	
2011-08-01:	colonies	varroa	mite	mites	colony	varroa	
2011-08-01:	virus	colonies	rna	pesticide	pesticides	colony	
2011-07-18:	apis	mite	infestation	varroa	control	mite	colonies	varroa	mite	effects	morphometric	stress	
2011-07-11:	colonies	virus	expression	
2011-07-01:	virus	mellifera	apis	colonies	varroa	mite	exposure	mellifera	apis	effects	colony	pesticides	
2011-06-01:	virus	current	mg	pesticide	pesticides	apis	
2011-06-01:	colony	mellifera	varroa	
2011-06-01:	effects	gene	expression	varroa	control	mite	genetic	gene	mellifera	
2011-05-01:	pollen	found	mellifera	
2011-05-01:	effects	colony	pesticides	pesticide	pollen	analysis	
2011-05-01:	pollination	effects	pollinators	
2011-04-01:	pesticides	pesticide	health	food	gene	varroa	virus	species	study	
2011-03-02:	virus	colonies	pesticide	pesticide	pesticides	colony	
2011-02-07:	colonies	varroa	colony	virus	colonies	rna	
2011-02-01:	larvae	mellifera	genetic	
2011-02-01:	gene	varroa	expression	factors	effects	heart	
2011-01-07:	factors	effects	heart	
2011-01-01:	colony	may	health	
2011-01-01:	colony	apis	colonies	
2011-01-01:	pesticide	pesticides	colony	
2011-01-01:	colony	mellifera	varroa	pesticide	pesticides	exposure	colonies	nosema	colony	pesticides	pesticide	colony	
2010-12-01:	pollen	effects	pesticide	pesticide	pollen	analysis	pesticide	pesticides	colony	pesticides	pesticide	colony	
2010-12-01:	pesticides	colonies	chromatography	apis	colonies	species	
2010-12-01:	pollen	mellificae	c	pesticide	pollen	analysis	imidacloprid	pollen	mellifera	
2010-11-04:	pollen	mellifera	apis	virus	colonies	varroa	virus	varroa	colonies	apis	colonies	species	
2010-11-01:	virus	apis	mellifera	pollen	mellifera	apis	
2010-10-01:	colony	ccd	hives	
2010-08-01:	mite	pollen	effects	
2010-06-21:	effects	gene	expression	genetic	gene	mellifera	exposure	apis	larvae	pollen	fungal	insect	
2010-06-01:	exposure	pollen	environmental	
2010-05-01:	varroa	virus	colony	
2010-05-01:	pollen	varroa	nosema	
2010-05-01:	varroa	virus	colony	
2010-05-01:	pesticides	pollen	exposure	
2010-05-01:	soil	viruses	animal	gene	colony	genetic	apis	species	native	
2010-05-01:	larvae	disease	effects	
2010-05-01:	colonies	virus	expression	colony	may	health	varroa	virus	colony	varroa	control	mite	
2010-01-01:	effects	growth	pollen	varroa	control	mite	
2010-01-01:	exposure	behavior	animal	
2010-01-01:	effects	morphometric	stress	
2009-11-15:	mites	colonies	apis	
2009-10-20:	pesticides	pesticide	apis	
2009-10-01:	varroa	colony	health	
2009-10-01:	colony	varroa	virus	virus	species	study	animal	nectar	pesticides	
2009-09-01:	apis	colonies	species	
2009-08-03:	colonies	pollen	colony	pesticides	pesticide	colony	colony	ccd	hives	
2009-06-01:	gene	colony	genetic	
2009-06-01:	pollen	colonies	rna	pollen	pesticide	colony	
2009-01-01:	pollen	pesticide	control	effects	colony	pesticides	exposure	apis	larvae	pesticides	pesticide	colony	
2009-01-01:	colonies	varroa	colony	
2009-01-01:	colony	ccd	hives	colony	colonies	forage	effects	colony	pesticides	pesticides	pesticide	colony	
2008-12-01:	virus	colonies	pesticide	pesticides	pesticide	colony	pesticides	pollen	exposure	
2008-11-01:	colony	apis	colonies	animal	gene	virus	virus	colonies	varroa	pollen	nosema	varroa	
2008-02-01:	pollen	varroa	cell	pollen	mellifera	apis	gene	virus	rna	virus	viruses	semen	
2007-04-01:	apis	species	native	virus	colonies	varroa	
2007-03-31:	food	gene	varroa	
2007-03-01:	colony	varroa	colonies	
2006-01-01:	larvae	disease	effects	pollen	nosema	varroa	
2005-08-09:	apis	mellifera	gut	
2005-06-01:	apis	mite	infestation	
2005-01-01:	larvae	mellifera	genetic	
2004-01-01:	colonies	virus	colony	
2003-12-01:	species	protein	colony	virus	colonies	pesticide	colonies	virus	colony	
2001-01-01:	colony	apis	colonies	virus	apis	mellifera	varroa	control	mite	varroa	colonies	colony	
1999-01-01:	colony	colonies	imidacloprid	
1996-01-01:	pollen	colonies	amitraz	
